prerequisite_course,target_course,relation_context
ANTH 3,ANAR 166,AND
SIO 50,ANAR 166,AND
BILD 1,ANBI 131,AND
ANTH 101,ANSC 150,AND
ANTH 103,ANSC 185,AND
ANTH 1,ANSC 187,OR/complex
ANTH 103,ANSC 187,OR/complex
ANTH 21,ANSC 187,OR/complex
ANTH 23,ANSC 187,OR/complex
ANTH 196A,ANTH 196B,AND
BENG 1,BENG 100,OR/complex
MATH 18,BENG 100,OR/complex
MATH 20C,BENG 100,OR/complex
MATH 20D,BENG 100,OR/complex
MATH 31AH,BENG 100,OR/complex
MATH 31BH,BENG 100,OR/complex
BENG 120,BENG 102,AND
BENG 112A,BENG 103B,OR/complex
MAE 101A,BENG 103B,OR/complex
MATH 18,BENG 110,OR/complex
MATH 20D,BENG 110,OR/complex
MATH 20E,BENG 110,OR/complex
MATH 31AH,BENG 110,OR/complex
MATH 31CH,BENG 110,OR/complex
BENG 110,BENG 112A,AND
BENG 112A,BENG 112B,AND
BENG 187B,BENG 119A,AND
BENG 187C,BENG 119B,AND
CHEM 6A,BENG 120,AND
BENG 134,BENG 122A,OR/complex
BENG 120,BENG 123,OR/complex
CHEM 40B,BENG 123,OR/complex
MATH 18,BENG 123,OR/complex
MATH 20D,BENG 123,OR/complex
MATH 31AH,BENG 123,OR/complex
BENG 122A,BENG 125,OR/complex
BENG 123,BENG 125,OR/complex
BENG 187B,BENG 126A,AND
BENG 126A,BENG 126B,AND
BENG 187B,BENG 127A,AND
BENG 127A,BENG 127B,AND
BENG 187B,BENG 128A,AND
BENG 128A,BENG 128B,AND
BENG 187B,BENG 129A,AND
BENG 129A,BENG 129B,AND
CHEM 6B,BENG 130,AND
MATH 20A,BENG 130,AND
PHYS 2A,BENG 130,AND
MATH 20D,BENG 133,AND
MATH 18,BENG 134,OR/complex
MATH 20D,BENG 134,OR/complex
MATH 31AH,BENG 134,OR/complex
BENG 133,BENG 135,AND
ECE 45,BENG 135,AND
BENG 187B,BENG 139A,AND
BENG 139A,BENG 139B,AND
BENG 102,BENG 140A,OR/complex
BILD 1,BENG 140A,OR/complex
BENG 140A,BENG 140B,AND
BENG 100,BENG 141,AND
BENG 187B,BENG 147A,AND
BENG 147A,BENG 147B,AND
BENG 187B,BENG 148A,AND
BENG 148A,BENG 148B,AND
BENG 187B,BENG 149A,AND
BENG 149A,BENG 149B,AND
BENG 102,BENG 152,AND
BENG 100,BENG 160,AND
BICD 100,BENG 160,AND
MAE 170,BENG 160,AND
BENG 123,BENG 161A,AND
BENG 160,BENG 161A,AND
BENG 161A,BENG 161B,AND
BENG 160,BENG 162,AND
MAE 170,BENG 162,AND
BENG 103B,BENG 166A,OR/complex
BENG 112B,BENG 166A,OR/complex
BENG 100,BENG 168,AND
BILD 1,BENG 168,AND
BENG 187B,BENG 169A,AND
BENG 169A,BENG 169B,AND
MAE 170,BENG 172,AND
BENG 187B,BENG 179A,AND
BENG 179A,BENG 179B,AND
BIMM 100,BENG 183,OR/complex
CHEM 114C,BENG 183,OR/complex
BENG 112B,BENG 186A,OR/complex
BENG 123,BENG 186A,OR/complex
ECE 35,BENG 186B,OR/complex
BENG 112A,BENG 187A,OR/complex
BENG 152,BENG 187A,OR/complex
BENG 168,BENG 187A,OR/complex
BENG 187A,BENG 187B,AND
BENG 187B,BENG 187C,AND
BENG 187C,BENG 187D,AND
BENG 133,BENG 189,AND
BENG 140A,BENG 193,OR/complex
BIPN 100,BENG 193,OR/complex
CSE 100,BENG/BIMM/CSE 181,AND
CSE 100,BENG/BIMM/CSE/CHEM 182,AND
BIMM 181,BENG/BIMM/CSE/CHEM 184,OR/complex
CSE 181,BENG/BIMM/CSE/CHEM 184,OR/complex
BENG 120,BIBC 100,OR/complex
CHEM 40A,BIBC 100,OR/complex
CHEM 40B,BIBC 100,OR/complex
BENG 120,BIBC 102,OR/complex
CHEM 40A,BIBC 102,OR/complex
CHEM 40B,BIBC 102,OR/complex
BILD 1,BIBC 103,AND
BIBC 102,BIBC 120,OR/complex
CHEM 114B,BIBC 120,OR/complex
BILD 1,BIBC 140,AND
BIBC 100,BIBC 151,OR/complex
BIBC 102,BIBC 151,OR/complex
CHEM 114A,BIBC 151,OR/complex
CHEM 114B,BIBC 151,OR/complex
BILD 1,BIBC 194,AND
BILD 1,BICD 100,AND
BICD 100,BICD 101,AND
BIMM 100,BICD 101,AND
BIBC 100,BICD 102,OR/complex
BIBC 102,BICD 102,OR/complex
CHEM 114A,BICD 102,OR/complex
CHEM 114B,BICD 102,OR/complex
BIMM 100,BICD 110,AND
BILD 1,BICD 112,AND
BILD 1,BICD 130,AND
BILD 2,BICD 130,AND
BICD 100,BICD 136,AND
BIMM 100,BICD 136,AND
BIMM 100,BICD 140,AND
BICD 100,BICD 145,OR/complex
MATH 10A,BICD 145,OR/complex
MATH 20A,BICD 145,OR/complex
BICD 110,BICD 156,AND
BILD 3,BICD 194,AND
MATH 10A,BICD 194,AND
MATH 10B,BICD 194,AND
BILD 3,BIEB 100,AND
BIEB 100,BIEB 102,OR/complex
MATH 11,BIEB 102,OR/complex
SIO 187,BIEB 102,OR/complex
BILD 1,BIEB 121,AND
BILD 3,BIEB 121,AND
BILD 3,BIEB 123,AND
BILD 3,BIEB 126,AND
BILD 3,BIEB 128,AND
BILD 3,BIEB 130,AND
MATH 11,BIEB 130,AND
BILD 3,BIEB 131,AND
BILD 3,BIEB 134,AND
BILD 3,BIEB 135,AND
BIEB 100,BIEB 140,OR/complex
BIEB 150,BIEB 140,OR/complex
BILD 1,BIEB 143,AND
BILD 3,BIEB 143,AND
BIEB 143,BIEB 146,OR/complex
BILD 1,BIEB 146,OR/complex
BILD 3,BIEB 146,OR/complex
BILD 3,BIEB 150,AND
BILD 1,BIEB 152,AND
BILD 3,BIEB 152,AND
BILD 3,BIEB 154,AND
BIEB 102,BIEB 166,AND
BILD 3,BIEB 167,AND
BILD 3,BIEB 174,AND
BIEB 102,BIEB 176,AND
BIEB 102,BIEB 182,AND
BENG 120,BIEB 194,OR/complex
BIBC 103,BIEB 194,OR/complex
BILD 1,BIEB 194,OR/complex
BILD 4,BIEB 194,OR/complex
BIMM 101,BIEB 194,OR/complex
CHEM 40A,BIEB 194,OR/complex
CHEM 40AH,BIEB 194,OR/complex
CHEM 40B,BIEB 194,OR/complex
CHEM 40BH,BIEB 194,OR/complex
BILD 1,BILD 2,AND
BILD 1,BILD 60,AND
BILD 2,BILD 60,AND
BILD 1,BIMM 100,AND
BIBC 100,BIMM 101,OR/complex
BIBC 102,BIMM 101,OR/complex
BICD 100,BIMM 101,OR/complex
BIMM 100,BIMM 101,OR/complex
CHEM 114A,BIMM 101,OR/complex
CHEM 114B,BIMM 101,OR/complex
BIMM 100,BIMM 110,AND
BIMM 100,BIMM 112,AND
BILD 1,BIMM 114,OR/complex
PSYC 106,BIMM 114,OR/complex
PSYC 2,BIMM 114,OR/complex
BIBC 100,BIMM 116B,OR/complex
BIBC 102,BIMM 116B,OR/complex
BIPN 100,BIMM 116B,OR/complex
CHEM 114A,BIMM 116B,OR/complex
CHEM 114B,BIMM 116B,OR/complex
BIBC 100,BIMM 118,OR/complex
BIBC 102,BIMM 118,OR/complex
BILD 3,BIMM 118,OR/complex
BIMM 100,BIMM 118,OR/complex
CHEM 114A,BIMM 118,OR/complex
CHEM 114B,BIMM 118,OR/complex
BILD 1,BIMM 120,AND
BIMM 100,BIMM 121,AND
BIBC 100,BIMM 122,OR/complex
BIBC 102,BIMM 122,OR/complex
CHEM 114A,BIMM 122,OR/complex
CHEM 114B,BIMM 122,OR/complex
BIBC 100,BIMM 124,OR/complex
BIBC 102,BIMM 124,OR/complex
CHEM 114A,BIMM 124,OR/complex
CHEM 114B,BIMM 124,OR/complex
BILD 1,BIMM 130,AND
BIEB 123,BIMM 134,OR/complex
BILD 1,BIMM 134,OR/complex
BILD 4,BIMM 134,OR/complex
BIMM 101,BIMM 134,OR/complex
BILD 1,BIMM 140,AND
BILD 2,BIMM 140,AND
BIBC 100,BIMM 143,OR/complex
CHEM 114A,BIMM 143,OR/complex
BIBC 100,BIMM 149,OR/complex
CHEM 114A,BIMM 149,OR/complex
BILD 70,BIMM 162,AND
BICD 100,BIMM 164,AND
BIMM 100,BIMM 164,AND
BILD 1,BIMM 170,OR/complex
BILD 4,BIMM 170,OR/complex
BIMM 101,BIMM 170,OR/complex
BIMM 100,BIMM 172,OR/complex
CHEM 114C,BIMM 172,OR/complex
CSE 100,BIMM 172,OR/complex
CSE 101,BIMM 172,OR/complex
MATH 188,BIMM 172,OR/complex
CSE 100,BIMM 174,OR/complex
BIMM 182,BIMM 181,OR/complex
CSE 181,BIMM 181,OR/complex
CSE 182,BIMM 181,OR/complex
BENG 183,BIMM 182,OR/complex
BIMM 181,BIMM 182,OR/complex
BIMM 184,BIMM 182,OR/complex
CSE 181,BIMM 182,OR/complex
CSE 182,BIMM 182,OR/complex
CSE 184,BIMM 182,OR/complex
BIMM 100,BIMM 184,AND
BILD 1,BIMM 185,AND
BILD 2,BIMM 185,AND
BIPN 100,BIMM 194,AND
BILD 2,BIPN 100,AND
BIBC 102,BIPN 102,OR/complex
BIPN 100,BIPN 102,OR/complex
CHEM 114B,BIPN 102,OR/complex
BIPN 100,BIPN 105,AND
BIPN 100,BIPN 106,AND
BILD 1,BIPN 108,AND
BILD 2,BIPN 108,AND
BIPN 100,BIPN 120,OR/complex
BIPN 140,BIPN 120,OR/complex
BILD 2,BIPN 140,AND
BILD 4,BIPN 140,AND
MATH 11,BIPN 140,AND
BILD 2,BIPN 142,OR/complex
MATH 10A,BIPN 142,OR/complex
MATH 10B,BIPN 142,OR/complex
MATH 11,BIPN 142,OR/complex
MATH 20A,BIPN 142,OR/complex
MATH 20B,BIPN 142,OR/complex
BILD 2,BIPN 144,OR/complex
MATH 10A,BIPN 144,OR/complex
MATH 10B,BIPN 144,OR/complex
MATH 11,BIPN 144,OR/complex
MATH 20A,BIPN 144,OR/complex
MATH 20B,BIPN 144,OR/complex
BIPN 100,BIPN 145,AND
BIBC 102,BIPN 146,OR/complex
BICD 100,BIPN 146,OR/complex
CHEM 114B,BIPN 146,OR/complex
BIPN 100,BIPN 147,AND
BILD 1,BIPN 148,AND
BILD 2,BIPN 148,AND
BILD 2,BIPN 150,OR/complex
PSYC 102,BIPN 150,OR/complex
PSYC 106,BIPN 150,OR/complex
BIPN 100,BIPN 152,OR/complex
BIPN 140,BIPN 152,OR/complex
BILD 1,BIPN 160,AND
BILD 2,BIPN 160,AND
BICD 100,BISP 191,AND
CAT 1,CAT 199,AND
CCS 101,CCS 197,AND
CCS 102,CCS 197,AND
CCS 101,CCS 199,AND
CCS 102,CCS 199,AND
MAE 170,CENG 101A,AND
CGS 2A,CGS 124,OR/complex
CGS 2B,CGS 124,OR/complex
ETHN 1,CGS 125,OR/complex
ETHN 1,CGS 137,OR/complex
ETHN 1,CGS 147,OR/complex
ETHN 1,CGS 150,OR/complex
ETHN 1,CGS 165,OR/complex
CHEM 6C,CHEM 100A,AND
CHEM 100A,CHEM 100B,AND
PHYS 2BL,CHEM 100B,AND
PHYS 2C,CHEM 100B,AND
PHYS 2BL,CHEM 105A,AND
CHEM 105A,CHEM 105B,AND
CHEM 114A,CHEM 108,AND
CHEM 43A,CHEM 108,AND
CHEM 114A,CHEM 109,AND
CHEM 43A,CHEM 109,AND
CHEM 6C,CHEM 111,AND
CHEM 40C,CHEM 113,AND
CHEM 40A,CHEM 114A,AND
CHEM 40B,CHEM 114B,AND
BIBC 100,CHEM 114C,OR/complex
CHEM 114A,CHEM 114C,OR/complex
CHEM 114A,CHEM 114D,AND
CHEM 114A,CHEM 115,AND
CHEM 114A,CHEM 116,AND
CHEM 40C,CHEM 116,AND
CHEM 114A,CHEM 118,AND
BIMM 100,CHEM 119,OR/complex
CHEM 114C,CHEM 119,OR/complex
CHEM 40C,CHEM 119,OR/complex
CHEM 40CH,CHEM 119,OR/complex
CHEM 11,CHEM 12,AND
CHEM 40A,CHEM 120A,AND
CHEM 6C,CHEM 120A,AND
CHEM 120A,CHEM 120B,AND
CHEM 114A,CHEM 123,AND
CHEM 6C,CHEM 125,AND
MATH 10C,CHEM 125,AND
PHYS 1C,CHEM 125,AND
CHEM 6C,CHEM 126B,AND
MATH 20D,CHEM 126B,AND
PHYS 2C,CHEM 126B,AND
CHEM 6C,CHEM 130,AND
MATH 20C,CHEM 130,AND
PHYS 2C,CHEM 130,AND
CHEM 130,CHEM 131,AND
CHEM 6C,CHEM 132,AND
PHYS 2C,CHEM 132,AND
MATH 20D,CHEM 134,AND
CHEM 40A,CHEM 135,AND
BIBC 100,CHEM 141,OR/complex
BILD 1,CHEM 141,OR/complex
CHEM 114A,CHEM 141,OR/complex
CHEM 40B,CHEM 141,OR/complex
CHEM 40B,CHEM 142,AND
CHEM 43A,CHEM 142,AND
CHEM 40B,CHEM 143B,AND
CHEM 43A,CHEM 143B,AND
CHEM 143B,CHEM 143C,AND
CHEM 40C,CHEM 143C,AND
CHEM 40B,CHEM 143D,AND
CHEM 40C,CHEM 145,AND
CHEM 40A,CHEM 146,AND
CHEM 40C,CHEM 151,AND
CHEM 40C,CHEM 152,AND
CHEM 152,CHEM 154,AND
CHEM 40C,CHEM 155,AND
CHEM 40C,CHEM 156,AND
CHEM 40C,CHEM 157,AND
BIBC 100,CHEM 158,OR/complex
BIBC 102,CHEM 158,OR/complex
BIMM 100,CHEM 158,OR/complex
CHEM 114A,CHEM 158,OR/complex
CHEM 114B,CHEM 158,OR/complex
CHEM 114C,CHEM 158,OR/complex
BIBC 100,CHEM 164,OR/complex
CHEM 114A,CHEM 164,OR/complex
CHEM 114A,CHEM 165,AND
CHEM 40C,CHEM 165,AND
CHEM 114A,CHEM 167,AND
CHEM 40C,CHEM 167,AND
CHEM 6C,CHEM 168,AND
CHEM 6C,CHEM 171,AND
CHEM 6C,CHEM 172,AND
CHEM 6C,CHEM 173,AND
BIMM 181,CHEM 174,OR/complex
CSE 181,CHEM 174,OR/complex
MATH 20C,CHEM 184,AND
CHEM 126B,CHEM 185,OR/complex
CHEM 130,CHEM 185,OR/complex
MATH 20C,CHEM 185,OR/complex
CHEM 6C,CHEM 186,OR/complex
CHEM 96,CHEM 186,OR/complex
CHEM 6C,CHEM 187,AND
CHEM 6B,CHEM 40A,OR/complex
CHEM 6BH,CHEM 40A,OR/complex
CHEM 6C,CHEM 40AH,OR/complex
CHEM 6CH,CHEM 40AH,OR/complex
CHEM 40A,CHEM 40B,AND
CHEM 40A,CHEM 40BH,AND
CHEM 40B,CHEM 40C,AND
CHEM 40B,CHEM 40CH,AND
CHEM 40BH,CHEM 40CH,AND
CHEM 7L,CHEM 43A,AND
CHEM 40A,CHEM 43AM,AND
CHEM 7L,CHEM 43AM,AND
CHEM 6A,CHEM 6B,AND
MATH 10A,CHEM 6B,AND
CHEM 6AH,CHEM 6BH,AND
MATH 20A,CHEM 6BH,AND
CHEM 6B,CHEM 6C,AND
CHEM 6BH,CHEM 6CH,AND
MATH 20B,CHEM 6CH,AND
CHEM 6B,CHEM 7L,OR/complex
CHEM 6BH,CHEM 7L,OR/complex
CHEM 6B,CHEM 7LM,OR/complex
CHEM 6BH,CHEM 7LM,OR/complex
CHIN 100AN,CHIN 100AM,AND
CHIN 20CD,CHIN 100AN,OR/complex
CHIN 20CM,CHIN 100AN,OR/complex
CHIN 100BN,CHIN 100BM,AND
CHIN 100AM,CHIN 100BN,AND
CHIN 100BM,CHIN 100CN,AND
CHIN 10AM,CHIN 10BD,AND
CHIN 10AM,CHIN 10BM,AND
CHIN 10AN,CHIN 10BN,AND
CHIN 10BD,CHIN 10CD,AND
CHIN 10BM,CHIN 10CM,AND
CHIN 10BN,CHIN 10CN,AND
CHIN 100CM,CHIN 160/260,AND
CHIN 100CN,CHIN 160/260,AND
CHIN 100CM,CHIN 182C,AND
CHIN 100CN,CHIN 182C,AND
CHIN 100CM,CHIN 185A-B-C,AND
CHIN 100CN,CHIN 185A-B-C,AND
CHIN 10CD,CHIN 20AD,AND
CHIN 10CM,CHIN 20AM,AND
CHIN 10CN,CHIN 20AN,AND
CHIN 20BN,CHIN 20BD,AND
CHIN 20AD,CHIN 20BM,AND
CHIN 20AN,CHIN 20BN,AND
CHIN 20CN,CHIN 20CD,AND
CHIN 20BD,CHIN 20CM,AND
CHIN 20BM,CHIN 20CN,AND
COGS 1,COGS 100,OR/complex
COGS 10,COGS 100,OR/complex
COGS 1,COGS 101A,AND
COGS 1,COGS 101B,AND
COGS 1,COGS 101C,AND
COGS 1,COGS 102A,AND
COGS 10,COGS 102A,AND
COGS 102A,COGS 102B,AND
COGS 102B,COGS 102C,AND
COGS 1,COGS 107A,OR/complex
COGS 17,COGS 107A,OR/complex
COGS 107A,COGS 107B,AND
COGS 107B,COGS 107C,AND
COGS 18,COGS 108,OR/complex
CSE 11,COGS 108,OR/complex
CSE 8A,COGS 108,OR/complex
DSC 10,COGS 108,OR/complex
COGS 14B,COGS 109,OR/complex
COGS 18,COGS 109,OR/complex
CSE 11,COGS 109,OR/complex
CSE 8A,COGS 109,OR/complex
MATH 18,COGS 109,OR/complex
MATH 31AH,COGS 109,OR/complex
COGS 1,COGS 110,OR/complex
HDS 1,COGS 110,OR/complex
BILD 10,COGS 115,OR/complex
BILD 12,COGS 115,OR/complex
COGS 107A,COGS 115,OR/complex
COGS 107B,COGS 115,OR/complex
COGS 17,COGS 115,OR/complex
COGS 108,COGS 118A,OR/complex
COGS 109,COGS 118A,OR/complex
COGS 118B,COGS 118A,OR/complex
COGS 18,COGS 118A,OR/complex
CSE 11,COGS 118A,OR/complex
CSE 158,COGS 118A,OR/complex
CSE 8B,COGS 118A,OR/complex
ECE 174,COGS 118A,OR/complex
ECE 175A,COGS 118A,OR/complex
MATH 18,COGS 118A,OR/complex
MATH 180A,COGS 118A,OR/complex
MATH 20E,COGS 118A,OR/complex
MATH 31AH,COGS 118A,OR/complex
CSE 11,COGS 118B,OR/complex
CSE 8B,COGS 118B,OR/complex
MATH 18,COGS 118B,OR/complex
MATH 180A,COGS 118B,OR/complex
MATH 20E,COGS 118B,OR/complex
MATH 31AH,COGS 118B,OR/complex
COGS 108,COGS 118C,OR/complex
COGS 109,COGS 118C,OR/complex
COGS 14B,COGS 118C,OR/complex
MATH 18,COGS 118C,OR/complex
MATH 31AH,COGS 118C,OR/complex
PSYC 60,COGS 118C,OR/complex
MATH 18,COGS 118D,OR/complex
MATH 180A,COGS 118D,OR/complex
MATH 31AH,COGS 118D,OR/complex
COGS 14B,COGS 119,OR/complex
MATH 18,COGS 119,OR/complex
MATH 31AH,COGS 119,OR/complex
COGS 1,COGS 120,OR/complex
COGS 187A,COGS 120,OR/complex
CSE 11,COGS 120,OR/complex
CSE 8B,COGS 120,OR/complex
DSC 30,COGS 120,OR/complex
DSGN 1,COGS 120,OR/complex
COGS 120,COGS 121,OR/complex
CSE 11,COGS 121,OR/complex
CSE 8B,COGS 121,OR/complex
DSC 30,COGS 121,OR/complex
COGS 120,COGS 122,OR/complex
COGS 187A,COGS 122,OR/complex
COGS 187B,COGS 122,OR/complex
CSE 170,COGS 122,OR/complex
DSGN 100,COGS 122,OR/complex
COGS 102C,COGS 123,OR/complex
COGS 120,COGS 123,OR/complex
COGS 187A,COGS 123,OR/complex
COGS 187B,COGS 123,OR/complex
DSGN 1,COGS 123,OR/complex
COGS 120,COGS 124,AND
COGS 121,COGS 124,AND
COGS 120,COGS 125,OR/complex
CSE 11,COGS 125,OR/complex
CSE 170,COGS 125,OR/complex
COGS 120,COGS 126,OR/complex
COGS 121,COGS 126,OR/complex
CSE 170,COGS 126,OR/complex
COGS 1,COGS 127,OR/complex
COGS 187A,COGS 127,OR/complex
CSE 11,COGS 127,OR/complex
CSE 8B,COGS 127,OR/complex
DSC 30,COGS 127,OR/complex
DSGN 1,COGS 127,OR/complex
COGS 14A,COGS 14B,AND
COGS 1,COGS 152,OR/complex
PHIL 1,COGS 152,OR/complex
PSYC 1,COGS 152,OR/complex
COGS 101A,COGS 157,OR/complex
COGS 101B,COGS 157,OR/complex
COGS 101C,COGS 157,OR/complex
COGS 1,COGS 169,AND
BILD 12,COGS 170,OR/complex
COGS 17,COGS 170,OR/complex
COGS 107A,COGS 172,AND
COGS 101A,COGS 175,OR/complex
COGS 107A,COGS 175,OR/complex
COGS 107A,COGS 176,AND
COGS 107A,COGS 179,OR/complex
COGS 17,COGS 179,OR/complex
BILD 12,COGS 180,OR/complex
COGS 107B,COGS 180,OR/complex
COGS 108,COGS 180,OR/complex
COGS 109,COGS 180,OR/complex
COGS 18,COGS 180,OR/complex
CSE 11,COGS 180,OR/complex
CSE 8A,COGS 180,OR/complex
MATH 18,COGS 180,OR/complex
MATH 20B,COGS 180,OR/complex
MATH 31AH,COGS 180,OR/complex
PSYC 106,COGS 180,OR/complex
COGS 118A,COGS 181,OR/complex
COGS 118B,COGS 181,OR/complex
COGS 18,COGS 181,OR/complex
CSE 11,COGS 181,OR/complex
CSE 158,COGS 181,OR/complex
CSE 8B,COGS 181,OR/complex
ECE 174,COGS 181,OR/complex
ECE 175A,COGS 181,OR/complex
MATH 18,COGS 181,OR/complex
MATH 180A,COGS 181,OR/complex
MATH 20E,COGS 181,OR/complex
MATH 31AH,COGS 181,OR/complex
BILD 12,COGS 184,OR/complex
COGS 107A,COGS 184,OR/complex
COGS 107B,COGS 184,OR/complex
COGS 107C,COGS 184,OR/complex
COGS 17,COGS 184,OR/complex
COGS 118A,COGS 185,OR/complex
COGS 118B,COGS 185,OR/complex
COGS 10,COGS 187A,OR/complex
COGS 18,COGS 187A,OR/complex
CSE 11,COGS 187A,OR/complex
CSE 8A,COGS 187A,OR/complex
DSGN 1,COGS 187A,OR/complex
COGS 187A,COGS 187B,AND
COGS 109,COGS 188,OR/complex
COGS 118A,COGS 188,OR/complex
COGS 118B,COGS 188,OR/complex
COGS 108,COGS 189,OR/complex
COGS 109,COGS 189,OR/complex
COGS 118A,COGS 189,OR/complex
COGS 118B,COGS 189,OR/complex
COGS 190A,COGS 190B,AND
COGS 190B,COGS 190C,AND
COMM 10,COMM 100A,AND
COMM 10,COMM 100B,AND
COMM 10,COMM 100C,AND
COMM 10,COMM 101,AND
COMM 10,COMM 101D,AND
COMM 101,COMM 101D,AND
COMM 10,COMM 101E,AND
COMM 101,COMM 101E,AND
COMM 10,COMM 101K,AND
COMM 10,COMM 101M,AND
COMM 101,COMM 101M,AND
COMM 101,COMM 101N,AND
VIS 70N,COMM 101N,AND
COMM 10,COMM 102D,AND
COMM 101,COMM 102D,AND
VIS 70N,COMM 102D,AND
COMM 10,COMM 102M,AND
COMM 101,COMM 102M,AND
VIS 70N,COMM 102M,AND
COMM 10,COMM 102P,AND
COMM 101,COMM 102P,AND
VIS 70N,COMM 102P,AND
COMM 10,COMM 102T,AND
COMM 10,COMM 103D,AND
COMM 10,COMM 103E,AND
COMM 10,COMM 103F,AND
COMM 10,COMM 104D,AND
COMM 10,COMM 104E,AND
COMM 10,COMM 104F,AND
COMM 10,COMM 104G,AND
COMM 10,COMM 105G,AND
COMM 10,COMM 105M,AND
COMM 10,COMM 105P,AND
COMM 10,COMM 106A,AND
COMM 10,COMM 106C,AND
COMM 10,COMM 106F,AND
COMM 10,COMM 106G,AND
COMM 10,COMM 106I,AND
COMM 10,COMM 106T,AND
COMM 10,COMM 106V,AND
COMM 10,COMM 107,AND
COMM 10,COMM 108A,AND
COMM 10,COMM 108D,AND
COMM 10,COMM 108G,AND
COMM 10,COMM 109D,AND
COMM 10,COMM 109N,AND
COMM 10,COMM 109P,AND
COMM 10,COMM 110M,AND
COMM 10,COMM 110P,AND
COMM 10,COMM 110T,AND
COMM 10,COMM 111A,AND
COMM 10,COMM 111C,AND
COMM 10,COMM 111F,AND
COMM 10,COMM 111G,AND
COMM 10,COMM 111P,AND
COMM 10,COMM 111T,OR/complex
COMM 10,COMM 112C,AND
COMM 10,COMM 112G,AND
COMM 10,COMM 113T,AND
COMM 10,COMM 114C,AND
COMM 10,COMM 114D,AND
COMM 10,COMM 114E,OR/complex
DOC 2,COMM 114E,OR/complex
POLI 40,COMM 114E,OR/complex
COMM 10,COMM 114F,AND
COMM 10,COMM 114G,AND
COMM 10,COMM 114I,AND
COMM 10,COMM 114K,AND
COMM 10,COMM 114M,AND
COMM 10,COMM 114N,AND
COMM 10,COMM 114P,AND
COMM 10,COMM 114T,AND
COMM 100A,COMM 114T,AND
COMM 10,COMM 120I,AND
COMM 100A,COMM 120I,AND
COMM 10,COMM 120M,AND
COMM 100A,COMM 120M,AND
COMM 10,COMM 120N,AND
COMM 100A,COMM 120N,AND
COMM 10,COMM 120P,AND
COMM 100A,COMM 120P,AND
COGS 1,COMM 120W,OR/complex
COMM 10,COMM 120W,OR/complex
ESYS 10,COMM 120W,OR/complex
USP 1,COMM 120W,OR/complex
COMM 10,COMM 124B,AND
COMM 100A,COMM 124B,AND
COMM 10,COMM 126,AND
COMM 100A,COMM 126,AND
COMM 10,COMM 127,AND
COMM 100A,COMM 127,AND
COMM 10,COMM 129,AND
COMM 100A,COMM 129,AND
COMM 10,COMM 131,AND
COMM 100A,COMM 131,AND
COMM 10,COMM 132,AND
COMM 100A,COMM 132,AND
COMM 10,COMM 133,AND
COMM 100A,COMM 133,AND
COMM 10,COMM 134,AND
COMM 100A,COMM 134,AND
COMM 10,COMM 135,AND
COMM 100A,COMM 135,AND
COMM 10,COMM 136,AND
COMM 100A,COMM 136,AND
COMM 10,COMM 137,AND
COMM 100A,COMM 137,AND
COMM 10,COMM 138,AND
COMM 100A,COMM 138,AND
COMM 10,COMM 140,AND
COMM 100A,COMM 140,AND
COMM 10,COMM 143,AND
COMM 100A,COMM 143,AND
COMM 10,COMM 144,AND
COMM 100A,COMM 144,AND
COMM 10,COMM 145,AND
COMM 100A,COMM 145,AND
COMM 10,COMM 146,AND
COMM 100A,COMM 146,AND
COMM 10,COMM 151,AND
COMM 100A,COMM 151,AND
COMM 10,COMM 153,AND
COMM 100A,COMM 153,AND
COMM 10,COMM 155,AND
COMM 100A,COMM 155,AND
COMM 10,COMM 158,AND
COMM 100A,COMM 158,AND
COMM 10,COMM 159,AND
COMM 100A,COMM 159,AND
COMM 10,COMM 160,AND
COMM 100A,COMM 160,AND
COMM 10,COMM 162,AND
COMM 100A,COMM 162,AND
COMM 10,COMM 163,AND
COMM 100A,COMM 163,AND
COMM 10,COMM 164,AND
COMM 100A,COMM 164,AND
COMM 10,COMM 166,AND
COMM 100A,COMM 166,AND
COMM 10,COMM 168,AND
COMM 100A,COMM 168,AND
COMM 10,COMM 170,AND
COMM 100A,COMM 170,AND
COMM 10,COMM 171,AND
COMM 100A,COMM 171,AND
COMM 10,COMM 172,AND
COMM 100A,COMM 172,AND
COMM 10,COMM 173,AND
COMM 100A,COMM 173,AND
COMM 10,COMM 174,AND
COMM 100A,COMM 174,AND
COMM 10,COMM 175,AND
COMM 100A,COMM 175,AND
COMM 10,COMM 176,AND
COMM 100A,COMM 176,AND
COMM 10,COMM 177,AND
COMM 100A,COMM 177,AND
COMM 10,COMM 180,AND
COMM 100A,COMM 180,AND
COMM 10,COMM 181,AND
COMM 100A,COMM 181,AND
COMM 10,COMM 182,AND
COMM 100A,COMM 182,AND
COMM 10,COMM 183,AND
COMM 100A,COMM 183,AND
COMM 10,COMM 190,AND
CSE 12,CSE 100,OR/complex
CSE 15L,CSE 100,OR/complex
CSE 21,CSE 100,OR/complex
CSE 30,CSE 100,OR/complex
CSE 5A,CSE 100,OR/complex
ECE 15,CSE 100,OR/complex
MATH 154,CSE 100,OR/complex
CSE 100,CSE 101,OR/complex
CSE 21,CSE 103,OR/complex
MATH 154,CSE 103,OR/complex
CSE 12,CSE 105,OR/complex
CSE 15L,CSE 105,OR/complex
CSE 20,CSE 105,OR/complex
CSE 21,CSE 105,OR/complex
MATH 100A,CSE 105,OR/complex
MATH 103A,CSE 105,OR/complex
MATH 109,CSE 105,OR/complex
MATH 15A,CSE 105,OR/complex
MATH 184,CSE 105,OR/complex
CSE 21,CSE 106,OR/complex
DSC 40B,CSE 106,OR/complex
MATH 154,CSE 106,OR/complex
MATH 18,CSE 106,OR/complex
MATH 20C,CSE 106,OR/complex
MATH 31AH,CSE 106,OR/complex
MATH 31BH,CSE 106,OR/complex
CSE 101,CSE 107,OR/complex
CSE 105,CSE 107,OR/complex
CSE 21,CSE 107,OR/complex
MATH 154,CSE 107,OR/complex
CSE 100,CSE 110,AND
CSE 110,CSE 112,AND
CSE 12,CSE 113,AND
CSE 21,CSE 113,AND
COGS 102C,CSE 118,AND
COGS 121,CSE 118,AND
COGS 184,CSE 118,AND
CSE 131,CSE 118,AND
CSE 132B,CSE 118,AND
ECE 111,CSE 118,AND
ECE 118,CSE 118,AND
ECE 191,CSE 118,AND
CSE 11,CSE 12,OR/complex
CSE 15L,CSE 12,OR/complex
CSE 8B,CSE 12,OR/complex
CSE 101,CSE 120,AND
CSE 110,CSE 120,AND
CSE 30,CSE 120,AND
CSE 101,CSE 123,AND
CSE 110,CSE 123,AND
CSE 30,CSE 123,AND
CSE 101,CSE 124,AND
CSE 110,CSE 124,AND
CSE 30,CSE 124,AND
CSE 123,CSE 127,OR/complex
CSE 124,CSE 127,OR/complex
MATH 154,CSE 127,OR/complex
CSE 12,CSE 130,AND
CSE 100,CSE 131,AND
CSE 105,CSE 131,AND
CSE 130,CSE 131,AND
CSE 100,CSE 132A,AND
CSE 132A,CSE 132B,AND
CSE 100,CSE 134B,AND
CSE 100,CSE 135,OR/complex
CSE 135,CSE 136,AND
CSE 30,CSE 140,OR/complex
MATH 109,CSE 140,OR/complex
MATH 15A,CSE 140,OR/complex
CSE 30,CSE 140L,OR/complex
MATH 109,CSE 140L,OR/complex
MATH 15A,CSE 140L,OR/complex
CSE 140,CSE 141,AND
CSE 140L,CSE 141,AND
CSE 30,CSE 141,AND
CSE 140,CSE 141L,AND
CSE 140L,CSE 141L,AND
CSE 30,CSE 141L,AND
CSE 140,CSE 143,OR/complex
CSE 141,CSE 148,AND
CSE 141L,CSE 148,AND
DSC 40B,CSE 150A,OR/complex
DSC 80,CSE 150A,OR/complex
ECE 109,CSE 150A,OR/complex
ECON 120A,CSE 150A,OR/complex
MATH 183,CSE 150A,OR/complex
MATH 20A,CSE 150A,OR/complex
MATH 31AH,CSE 150A,OR/complex
CSE 100,CSE 150B,OR/complex
DSC 40B,CSE 150B,OR/complex
DSC 80,CSE 150B,OR/complex
ECE 109,CSE 150B,OR/complex
ECON 120A,CSE 150B,OR/complex
MATH 183,CSE 150B,OR/complex
DSC 40B,CSE 151A,OR/complex
DSC 80,CSE 151A,OR/complex
ECE 109,CSE 151A,OR/complex
ECON 120A,CSE 151A,OR/complex
MATH 181A,CSE 151A,OR/complex
MATH 183,CSE 151A,OR/complex
MATH 31AH,CSE 151A,OR/complex
CSE 103,CSE 151B,OR/complex
ECE 109,CSE 151B,OR/complex
MATH 181A,CSE 151B,OR/complex
MATH 183,CSE 151B,OR/complex
MATH 20C,CSE 151B,OR/complex
CSE 100,CSE 152,OR/complex
CSE 101,CSE 152,OR/complex
DSC 40B,CSE 152,OR/complex
DSC 80,CSE 152,OR/complex
MATH 18,CSE 152,OR/complex
MATH 188,CSE 152,OR/complex
MATH 31AH,CSE 152,OR/complex
DSC 30,CSE 152A,AND
DSC 80,CSE 152A,AND
MATH 31AH,CSE 152A,AND
CSE 152,CSE 152B,OR/complex
CSE 152A,CSE 152B,OR/complex
COGS 118A,CSE 156,OR/complex
MATH 18,CSE 156,OR/complex
MATH 20C,CSE 156,OR/complex
MATH 31AH,CSE 156,OR/complex
MATH 31BH,CSE 156,OR/complex
DSC 40B,CSE 158,OR/complex
DSC 80,CSE 158,OR/complex
ECE 109,CSE 158,OR/complex
ECON 120A,CSE 158,OR/complex
MATH 181A,CSE 158,OR/complex
MATH 183,CSE 158,OR/complex
CSE 11,CSE 15L,OR/complex
CSE 12,CSE 15L,OR/complex
CSE 8B,CSE 15L,OR/complex
CSE 100,CSE 160,OR/complex
CSE 167,CSE 163,AND
CSE 167,CSE 164,AND
CSE 167,CSE 165,AND
DSC 80,CSE 166,OR/complex
MATH 18,CSE 166,OR/complex
MATH 31AH,CSE 166,OR/complex
CSE 100,CSE 167,OR/complex
CSE 167,CSE 168,AND
CSE 167,CSE 169,AND
COGS 1,CSE 170,OR/complex
COGS 187A,CSE 170,OR/complex
CSE 11,CSE 170,OR/complex
CSE 8B,CSE 170,OR/complex
DSGN 1,CSE 170,OR/complex
COGS 120,CSE 176A,OR/complex
CSE 110,CSE 176A,OR/complex
CSE 170,CSE 176A,OR/complex
BILD 1,CSE 180,AND
BILD 1,CSE 180R,OR/complex
BILD 4,CSE 180R,OR/complex
CSE 11,CSE 180R,OR/complex
CSE 3,CSE 180R,OR/complex
CSE 8A,CSE 180R,OR/complex
CSE 8B,CSE 180R,OR/complex
CHEM 114C,CSE 181,AND
CSE 100,CSE 182,OR/complex
BIMM 181,CSE 184,OR/complex
BIMM 182,CSE 184,OR/complex
CSE 181,CSE 184,OR/complex
CSE 182,CSE 184,OR/complex
BIEB 123,CSE 185,OR/complex
BILD 1,CSE 185,OR/complex
BILD 4,CSE 185,OR/complex
BIMM 101,CSE 185,OR/complex
CHEM 109,CSE 185,OR/complex
CSE 11,CSE 185,OR/complex
CSE 12,CSE 185,OR/complex
CSE 8B,CSE 185,OR/complex
MATH 20C,CSE 185,OR/complex
MATH 31BH,CSE 185,OR/complex
CSE 11,CSE 20,OR/complex
CSE 8B,CSE 20,OR/complex
CSE 20,CSE 21,OR/complex
MATH 15A,CSE 21,OR/complex
CSE 12,CSE 30,AND
CSE 15L,CSE 30,AND
MATH 10A,CSE 4GS,OR/complex
MATH 20A,CSE 4GS,OR/complex
MATH 10A,CSE 6GS,OR/complex
MATH 20A,CSE 6GS,OR/complex
CSE 11,CSE 80,OR/complex
CSE 8B,CSE 80,OR/complex
CSE 12,CSE 86,AND
CSE 8A,CSE 8B,AND
DSC 40B,DSC 100,AND
DSC 80,DSC 100,AND
DSC 100,DSC 102,AND
DSC 102,DSC 104,AND
DSC 80,DSC 106,AND
DSC 40B,DSC 120,OR/complex
MATH 18,DSC 120,OR/complex
MATH 20C,DSC 120,OR/complex
MATH 31AH,DSC 120,OR/complex
DSC 80,DSC 170,AND
CSE 158,DSC 180A,OR/complex
DSC 102,DSC 180A,OR/complex
MATH 189,DSC 180A,OR/complex
DSC 106,DSC 180B,AND
DSC 180A,DSC 180B,AND
DSC 10,DSC 20,AND
DSC 20,DSC 30,AND
DSC 10,DSC 40A,OR/complex
MATH 18,DSC 40A,OR/complex
MATH 20C,DSC 40A,OR/complex
MATH 31AH,DSC 40A,OR/complex
MATH 31BH,DSC 40A,OR/complex
DSC 40A,DSC 40B,AND
DSC 30,DSC 80,AND
DSC 40A,DSC 80,AND
DSC 20,DSC 97,OR/complex
DSC 40A,DSC 97,OR/complex
MATH 18,DSC 97,OR/complex
MATH 31AH,DSC 97,OR/complex
MATH 31BH,DSC 97,OR/complex
DSC 20,DSC 98,OR/complex
DSC 40A,DSC 98,OR/complex
MATH 18,DSC 98,OR/complex
MATH 31AH,DSC 98,OR/complex
MATH 31BH,DSC 98,OR/complex
DSC 20,DSC 99,OR/complex
DSC 40A,DSC 99,OR/complex
MATH 18,DSC 99,OR/complex
MATH 31AH,DSC 99,OR/complex
MATH 31BH,DSC 99,OR/complex
DSGN 1,DSGN 100,AND
COGS 10,DSGN 119,OR/complex
COMM 124A,DSGN 119,OR/complex
DSGN 1,DSGN 119,OR/complex
ECE 45,ECE 100,AND
ECE 65,ECE 100,AND
ECE 45,ECE 101,AND
ECE 100,ECE 102,AND
ECE 65,ECE 102,AND
ECE 65,ECE 103,OR/complex
PHYS 2D,ECE 103,OR/complex
PHYS 4D,ECE 103,OR/complex
ECE 45,ECE 107,AND
CSE 140,ECE 108,OR/complex
CSE 30,ECE 108,OR/complex
ECE 25,ECE 108,OR/complex
ECE 30,ECE 108,OR/complex
MATH 18,ECE 109,OR/complex
MATH 20C,ECE 109,OR/complex
MATH 20D,ECE 109,OR/complex
MATH 31AH,ECE 109,OR/complex
MATH 31BH,ECE 109,OR/complex
CSE 140,ECE 111,OR/complex
ECE 25,ECE 111,OR/complex
ECE 16,ECE 115,AND
CSE 30,ECE 118,OR/complex
ECE 30,ECE 118,OR/complex
ECE 35,ECE 118,OR/complex
ECE 35,ECE 121A,AND
ECE 121A,ECE 121B,AND
ECE 107,ECE 123,AND
ECE 121A,ECE 124,AND
ECE 35,ECE 128A,AND
ECE 103,ECE 134,AND
CSE 11,ECE 138L,OR/complex
CSE 8B,ECE 138L,OR/complex
ECE 15,ECE 138L,OR/complex
CSE 30,ECE 140B,OR/complex
ECE 30,ECE 140B,OR/complex
ECE 16,ECE 141B,AND
CSE 11,ECE 143,OR/complex
CSE 8B,ECE 143,OR/complex
ECE 15,ECE 143,OR/complex
ECE 107,ECE 144,AND
ECE 15,ECE 145AL-BL-CL,OR/complex
ECE 35,ECE 145AL-BL-CL,OR/complex
ECE 109,ECE 150,AND
ECE 101,ECE 153,AND
BENG 122A,ECE 154A,OR/complex
ECE 101,ECE 154A,OR/complex
ECE 109,ECE 154A,OR/complex
ECE 153,ECE 154A,OR/complex
ECON 120A,ECE 154A,OR/complex
MAE 108,ECE 154A,OR/complex
MATH 180A,ECE 154A,OR/complex
MATH 180B,ECE 154A,OR/complex
MATH 183,ECE 154A,OR/complex
MATH 186,ECE 154A,OR/complex
ECE 109,ECE 156,OR/complex
ECE 161A,ECE 156,OR/complex
ECON 120A,ECE 156,OR/complex
MAE 108,ECE 156,OR/complex
MATH 180A,ECE 156,OR/complex
MATH 180B,ECE 156,OR/complex
MATH 183,ECE 156,OR/complex
MATH 186,ECE 156,OR/complex
ECE 154A,ECE 157A,AND
ECE 109,ECE 157B,AND
ECE 153,ECE 158B,AND
ECE 101,ECE 159,AND
CSE 11,ECE 16,OR/complex
CSE 8B,ECE 16,OR/complex
ECE 15,ECE 16,OR/complex
ECE 161A,ECE 161B,AND
ECE 101,ECE 161C,AND
ECE 102,ECE 163,AND
ECE 102,ECE 164,AND
ECE 102,ECE 165,AND
ECE 45,ECE 166,OR/complex
CSE 11,ECE 17,OR/complex
CSE 8B,ECE 17,OR/complex
ECE 15,ECE 17,OR/complex
ECE 101,ECE 171B,AND
ECE 109,ECE 172A,OR/complex
ECE 15,ECE 172A,OR/complex
MATH 18,ECE 172A,OR/complex
ECE 109,ECE 174,AND
ECE 103,ECE 180,AND
ECE 103,ECE 181,AND
ECE 103,ECE 182,AND
ECE 182,ECE 183,AND
ECE 183,ECE 184,AND
ECE 101,ECE 185,AND
ECE 15,ECE 30,AND
MATH 18,ECE 35,AND
PHYS 2A,ECE 35,AND
ECE 35,ECE 45,AND
ECE 35,ECE 65,AND
ECON 1,ECON 100A,AND
MATH 10C,ECON 100A,AND
ECON 100A,ECON 100B,AND
ECON 100B,ECON 100C,AND
ECON 100B,ECON 101,AND
ECON 1,ECON 102,AND
MATH 20C,ECON 102,AND
ECON 102,ECON 103,AND
ECON 100C,ECON 105,AND
ECON 100B,ECON 106,AND
ECON 2,ECON 107,AND
ECON 100C,ECON 109,OR/complex
MATH 109,ECON 109,OR/complex
MATH 31CH,ECON 109,OR/complex
ECON 1,ECON 110A,AND
ECON 3,ECON 110A,AND
MATH 10C,ECON 110A,AND
ECON 110A,ECON 110B,AND
ECON 110B,ECON 111,AND
ECON 110B,ECON 112,OR/complex
ECON 120B,ECON 112,OR/complex
MATH 181B,ECON 112,OR/complex
ECON 100C,ECON 113,OR/complex
MATH 140A,ECON 113,OR/complex
MATH 142A,ECON 113,OR/complex
ECON 2,ECON 116,AND
ECON 100A,ECON 117,AND
ECON 2,ECON 118,AND
ECON 2,ECON 119,AND
MATH 10A,ECON 119,AND
ECON 1,ECON 120A,AND
ECE 109,ECON 120B,OR/complex
ECON 120A,ECON 120B,OR/complex
MAE 108,ECON 120B,OR/complex
MATH 180A,ECON 120B,OR/complex
MATH 183,ECON 120B,OR/complex
MATH 186,ECON 120B,OR/complex
ECON 120B,ECON 120C,OR/complex
MATH 181B,ECON 120C,OR/complex
ECON 120C,ECON 121,AND
ECON 120B,ECON 122,OR/complex
MATH 18,ECON 122,OR/complex
MATH 181B,ECON 122,OR/complex
MATH 31AH,ECON 122,OR/complex
ECON 120B,ECON 125,OR/complex
MATH 181B,ECON 125,OR/complex
ECON 2,ECON 130,AND
ECON 2,ECON 131,AND
ECON 1,ECON 132,OR/complex
MAE 124,ECON 132,OR/complex
MATH 10C,ECON 132,OR/complex
ECON 100A,ECON 134,AND
ECON 2,ECON 135,AND
ECON 100B,ECON 136,AND
ECON 1,ECON 138,AND
ECON 2,ECON 139,AND
ECON 2,ECON 140,AND
ECON 100C,ECON 141,AND
ECON 109,ECON 142,AND
ECON 100C,ECON 143,AND
ECON 2,ECON 144,AND
ECON 2,ECON 145,AND
ECON 110B,ECON 146,AND
ECON 2,ECON 147,AND
ECON 100C,ECON 150,AND
ECON 100C,ECON 151,AND
ECON 100C,ECON 152,AND
ECON 1,ECON 162,AND
ECON 1,ECON 164,AND
ECON 1,ECON 165,AND
ECON 1,ECON 167,AND
ECON 1,ECON 168,AND
ECON 3,ECON 169,AND
ECE 109,ECON 171,OR/complex
ECON 100A,ECON 171,OR/complex
ECON 120A,ECON 171,OR/complex
MATH 180A,ECON 171,OR/complex
MATH 183,ECON 171,OR/complex
MATH 186,ECON 171,OR/complex
ECON 100A,ECON 172A,AND
ECON 172A,ECON 172B,OR/complex
MATH 171A,ECON 172B,OR/complex
ECON 100A,ECON 173A,OR/complex
ECON 120B,ECON 173A,OR/complex
MATH 181B,ECON 173A,OR/complex
ECON 4,ECON 173B,OR/complex
MGT 4,ECON 173B,OR/complex
ECON 173A,ECON 174,AND
ECON 120C,ECON 176,AND
ECON 120C,ECON 178,AND
ECON 1,ECON 181,AND
ECON 3,ECON 181,AND
ECON 100C,ECON 182,AND
ECON 110B,ECON 183,AND
ECON 1,ECON 2,AND
ECON 1,ECON 3,AND
PHYS 1A,EDS 105/PHYS 180,OR/complex
PHYS 1B,EDS 105/PHYS 180,OR/complex
PHYS 1C,EDS 105/PHYS 180,OR/complex
PHYS 2A,EDS 105/PHYS 180,OR/complex
PHYS 2B,EDS 105/PHYS 180,OR/complex
PHYS 2C,EDS 105/PHYS 180,OR/complex
PHYS 2D,EDS 105/PHYS 180,OR/complex
PHYS 4A,EDS 105/PHYS 180,OR/complex
PHYS 4B,EDS 105/PHYS 180,OR/complex
PHYS 4C,EDS 105/PHYS 180,OR/complex
ANTH 21,EDS 120,OR/complex
ANTH 23,EDS 120,OR/complex
DOC 1,EDS 120,OR/complex
DOC 100D,EDS 120,OR/complex
EDS 112,EDS 120,OR/complex
EDS 113,EDS 120,OR/complex
EDS 117,EDS 120,OR/complex
EDS 125,EDS 120,OR/complex
EDS 126,EDS 120,OR/complex
EDS 136,EDS 120,OR/complex
ETHN 2,EDS 120,OR/complex
ETHN 3,EDS 120,OR/complex
POLI 100H,EDS 120,OR/complex
POLI 100O,EDS 120,OR/complex
POLI 100Q,EDS 120,OR/complex
POLI 108,EDS 120,OR/complex
USP 129,EDS 120,OR/complex
EDS 130,EDS 140,OR/complex
EDS 131,EDS 140,OR/complex
EDS 136,EDS 140,OR/complex
EDS 137,EDS 140,OR/complex
EDS 138,EDS 140,OR/complex
EDS 130,EDS 141,OR/complex
EDS 131,EDS 141,OR/complex
EDS 136,EDS 141,OR/complex
EDS 137,EDS 141,OR/complex
EDS 138,EDS 141,OR/complex
CAT 2,ENG 100A,AND
DOC 2,ENG 100A,AND
HUM 2,ENG 100A,AND
ENG 100A,ENG 100B,OR/complex
CAT 2,ENG 100D,OR/complex
DOC 2,ENG 100D,OR/complex
HUM 2,ENG 100D,OR/complex
ENG 100A,ENG 100L,OR/complex
ENG 100D,ENG 100L,OR/complex
BILD 1,ESYS 101,AND
ESYS 190A,ESYS 190B,OR/complex
ETHN 1,ETHN 100A,OR/complex
ETHN 2,ETHN 100A,OR/complex
ETHN 3,ETHN 100A,OR/complex
ETHN 100A,ETHN 100B,AND
ETHN 100A,ETHN 100C,AND
ETHN 100B,ETHN 100C,AND
ETHN 100A,ETHN 100H,AND
ETHN 100B,ETHN 100H,AND
ETHN 100A,ETHN 190,AND
ETHN 100B,ETHN 190,AND
ETHN 100H,ETHN 190,AND
FMPH 40,FMPH 101,AND
FMPH 40,FMPH 102,AND
FMPH 40,FMPH 110,AND
FMPH 40,FMPH 120,AND
FMPH 101,FMPH 130,AND
FMPH 50,FMPH 130,AND
FMPH 101,FMPH 180A,OR/complex
FMPH 102,FMPH 180A,OR/complex
FMPH 110,FMPH 180A,OR/complex
FMPH 40,FMPH 180A,OR/complex
FMPH 50,FMPH 180A,OR/complex
FMPH 180B,FMPH 180C,AND
FMPH 40,FMPH 191,AND
FMPH 101,FMPH 193,AND
FMPH 102,FMPH 193,AND
FMPH 110,FMPH 193,AND
FMPH 40,FMPH 193,AND
FMPH 50,FMPH 193,AND
FMPH 101,FMPH 194,AND
FMPH 102,FMPH 194,AND
FMPH 110,FMPH 194,AND
FMPH 120,FMPH 194,AND
FMPH 193,FMPH 194,AND
FMPH 40,FMPH 194,AND
FMPH 50,FMPH 194,AND
FMPH 101,FMPH 196A,OR/complex
FMPH 102,FMPH 196A,OR/complex
FMPH 110,FMPH 196A,OR/complex
FMPH 40,FMPH 196A,OR/complex
FMPH 50,FMPH 196A,OR/complex
FMPH 196A,FMPH 196B,AND
FMPH 196B,FMPH 196C,AND
COGS 14B,GLBH 102,OR/complex
FMPH 40,GLBH 102,OR/complex
GLBH 20,GLBH 102,OR/complex
MATH 11,GLBH 102,OR/complex
PSYC 60,GLBH 102,OR/complex
GLBH 150A,GLBH 150B,AND
HDS 1,HDS 110,OR/complex
PSYC 101,HDS 110,OR/complex
ANTH 2,HDS 111,OR/complex
BILD 3,HDS 111,OR/complex
HDS 1,HDS 111,OR/complex
HDS 1,HDS 120,OR/complex
COGS 1,HDS 121,OR/complex
HDS 1,HDS 121,OR/complex
HDS 1,HDS 122,OR/complex
HDS 1,HDS 133,OR/complex
PSYC 1,HDS 133,OR/complex
HDS 181,HDS 150,OR/complex
BIEB 100,HDS 181,OR/complex
COGS 14B,HDS 181,OR/complex
ECON 120A,HDS 181,OR/complex
HDS 1,HDS 181,OR/complex
MATH 11,HDS 181,OR/complex
PSYC 60,HDS 181,OR/complex
HUM 1,HUM 3,OR/complex
HUM 2,HUM 3,OR/complex
JAPN 20C,JAPN 130C,AND
LATI 122A,LATI 122B,AND
LATI 122B,LATI 122C,AND
LATI 50,LATI 180,AND
LATI 50,LATI 190,AND
LATI 50,LATI 191,AND
LATI 50,LATI 199,AND
CAT 2,LTEN 30,AND
DOC 2,LTEN 30,AND
HUM 1,LTEN 30,AND
CAT 2,LTWR 100,AND
DOC 2,LTWR 100,AND
HUM 1,LTWR 100,AND
CAT 2,LTWR 8B,AND
DOC 2,LTWR 8B,AND
HUM 1,LTWR 8B,AND
CAT 2,LTWR 8C,AND
DOC 2,LTWR 8C,AND
HUM 1,LTWR 8C,AND
PHYS 2A,MAE 03,AND
MATH 20A,MAE 08,AND
MAE 11,MAE 101A,OR/complex
MAE 101A,MAE 101B,AND
MAE 105,MAE 101B,AND
MAE 101A,MAE 101D,AND
MATH 20D,MAE 104,AND
PHYS 2A,MAE 104,AND
MATH 18,MAE 105,AND
MATH 18,MAE 107,AND
MAE 11,MAE 108,AND
CHEM 6A,MAE 11,AND
PHYS 2C,MAE 11,AND
MAE 101A,MAE 110,OR/complex
MAE 101B,MAE 110,OR/complex
MAE 11,MAE 110,OR/complex
MATH 20D,MAE 113,AND
MAE 101A,MAE 117A,AND
MAE 101A,MAE 118,AND
MAE 101A,MAE 119,AND
MAE 122,MAE 120,AND
MAE 101A,MAE 121,AND
MAE 105,MAE 122,AND
MATH 20B,MAE 123,AND
MAE 101A,MAE 125,AND
MAE 30B,MAE 126B,OR/complex
MATH 18,MAE 126B,OR/complex
MATH 31AH,MAE 126B,OR/complex
MATH 20D,MAE 130,OR/complex
SE 101A,MAE 130,OR/complex
MAE 105,MAE 131A,AND
SE 110A,MAE 131A,AND
MAE 131A,MAE 131B,OR/complex
SE 110A,MAE 131B,OR/complex
ECE 171A,MAE 133,OR/complex
MAE 104,MAE 133,OR/complex
MAE 143B,MAE 133,OR/complex
MATH 18,MAE 142,AND
MATH 20D,MAE 142,AND
MATH 20E,MAE 142,AND
BENG 122A,MAE 143B,OR/complex
ECE 171A,MAE 143B,OR/complex
ECE 15,MAE 145,OR/complex
ECE 35,MAE 145,OR/complex
BENG 110,MAE 149,OR/complex
MAE 107,MAE 149,OR/complex
SE 101A,MAE 149,OR/complex
MAE 104,MAE 154,OR/complex
MAE 21,MAE 154,OR/complex
SE 104,MAE 154,OR/complex
SE 160B,MAE 154,OR/complex
SE 2,MAE 154,OR/complex
MAE 113,MAE 155A,AND
MAE 142,MAE 155A,AND
MAE 170,MAE 155A,AND
MAE 131A,MAE 155B,AND
MAE 143B,MAE 155B,AND
MAE 150,MAE 155B,AND
MAE 170,MAE 155B,AND
MAE 101C,MAE 156A,OR/complex
MAE 131B,MAE 156A,OR/complex
MAE 160,MAE 156A,OR/complex
MAE 131A,MAE 156B,OR/complex
MAE 20,MAE 156B,OR/complex
SE 101A,MAE 156B,OR/complex
PHYS 2C,MAE 167,OR/complex
PHYS 4B,MAE 167,OR/complex
MAE 101A,MAE 170,AND
CHEM 6A,MAE 20,OR/complex
CHEM 6AH,MAE 20,OR/complex
MATH 20C,MAE 20,OR/complex
PHYS 2A,MAE 20,OR/complex
CHEM 6A,MAE 21,OR/complex
CHEM 6AH,MAE 21,OR/complex
MATH 20B,MAE 21,OR/complex
PHYS 2A,MAE 21,OR/complex
MATH 20C,MAE 30A,OR/complex
MATH 31BH,MAE 30A,OR/complex
PHYS 2A,MAE 30A,OR/complex
MAE 30A,MAE 30B,AND
MATH 18,MAE 40,OR/complex
MATH 20D,MAE 40,OR/complex
MATH 31AH,MAE 40,OR/complex
PHYS 2B,MAE 40,OR/complex
MATH 20D,MAE 99H,OR/complex
MATH 20E,MAE 99H,OR/complex
MATH 31CH,MAE 99H,OR/complex
PHYS 2A,MAE 99H,OR/complex
MATH 109,MATH 100A,OR/complex
MATH 31CH,MATH 100A,OR/complex
MATH 100A,MATH 100B,AND
MATH 100B,MATH 100C,AND
MATH 18,MATH 102,OR/complex
MATH 20C,MATH 102,OR/complex
MATH 31AH,MATH 102,OR/complex
MATH 109,MATH 103A,OR/complex
MATH 31CH,MATH 103A,OR/complex
MATH 100A,MATH 103B,OR/complex
MATH 103A,MATH 103B,OR/complex
MATH 100B,MATH 104A,OR/complex
MATH 103B,MATH 104A,OR/complex
MATH 104A,MATH 104B,AND
MATH 109,MATH 105,OR/complex
MATH 31CH,MATH 105,OR/complex
MATH 100B,MATH 106,OR/complex
MATH 103B,MATH 106,OR/complex
MATH 18,MATH 109,OR/complex
MATH 20C,MATH 109,OR/complex
MATH 31AH,MATH 109,OR/complex
MATH 3C,MATH 10A,OR/complex
MATH 4C,MATH 10A,OR/complex
MATH 10A,MATH 10B,OR/complex
MATH 20A,MATH 10B,OR/complex
MATH 10B,MATH 10C,OR/complex
MATH 20B,MATH 10C,OR/complex
MATH 10B,MATH 11,OR/complex
MATH 20B,MATH 11,OR/complex
MATH 18,MATH 110,OR/complex
MATH 20D,MATH 110,OR/complex
MATH 20E,MATH 110,OR/complex
MATH 31AH,MATH 110,OR/complex
MATH 31CH,MATH 110,OR/complex
MATH 109,MATH 111A,OR/complex
MATH 18,MATH 111A,OR/complex
MATH 20D,MATH 111A,OR/complex
MATH 31AH,MATH 111A,OR/complex
MATH 31CH,MATH 111A,OR/complex
MATH 111A,MATH 111B,AND
BILD 1,MATH 112A,OR/complex
MATH 11,MATH 112A,OR/complex
MATH 18,MATH 112A,OR/complex
MATH 180A,MATH 112A,OR/complex
MATH 183,MATH 112A,OR/complex
MATH 186,MATH 112A,OR/complex
MATH 20D,MATH 112A,OR/complex
MATH 31AH,MATH 112A,OR/complex
MATH 110,MATH 112B,AND
MATH 112A,MATH 112B,AND
MATH 180A,MATH 112B,AND
MATH 180A,MATH 114,AND
MATH 20E,MATH 120A,OR/complex
MATH 31CH,MATH 120A,OR/complex
MATH 120A,MATH 120B,AND
MATH 18,MATH 130,OR/complex
MATH 20D,MATH 130,OR/complex
MATH 31AH,MATH 130,OR/complex
MATH 109,MATH 140A,OR/complex
MATH 31CH,MATH 140A,OR/complex
MATH 140A,MATH 140B,AND
MATH 140B,MATH 140C,AND
MATH 109,MATH 142A,OR/complex
MATH 31CH,MATH 142A,OR/complex
MATH 140A,MATH 142B,OR/complex
MATH 142A,MATH 142B,OR/complex
MATH 140B,MATH 144,OR/complex
MATH 142B,MATH 144,OR/complex
MATH 140B,MATH 146,OR/complex
MATH 142B,MATH 146,OR/complex
MATH 140B,MATH 148,OR/complex
MATH 142B,MATH 148,OR/complex
MATH 18,MATH 150A,OR/complex
MATH 20E,MATH 150A,OR/complex
MATH 31AH,MATH 150A,OR/complex
MATH 150A,MATH 150B,AND
MATH 18,MATH 152,OR/complex
MATH 20D,MATH 152,OR/complex
MATH 31AH,MATH 152,OR/complex
MATH 109,MATH 153,OR/complex
MATH 31CH,MATH 153,OR/complex
MATH 109,MATH 154,OR/complex
MATH 31CH,MATH 154,OR/complex
MATH 18,MATH 155A,OR/complex
MATH 20C,MATH 155A,OR/complex
MATH 31AH,MATH 155A,OR/complex
MATH 155A,MATH 155B,AND
MATH 18,MATH 157,OR/complex
MATH 20D,MATH 157,OR/complex
MATH 31AH,MATH 157,OR/complex
MATH 109,MATH 158,OR/complex
MATH 31CH,MATH 158,OR/complex
CSE 11,MATH 15A,OR/complex
CSE 8B,MATH 15A,OR/complex
MATH 100A,MATH 160A,OR/complex
MATH 103A,MATH 160A,OR/complex
MATH 140A,MATH 160A,OR/complex
MATH 160A,MATH 160B,AND
MATH 20B,MATH 163,AND
MATH 18,MATH 168A,OR/complex
MATH 20C,MATH 168A,OR/complex
MATH 31AH,MATH 168A,OR/complex
MATH 18,MATH 170A,OR/complex
MATH 20C,MATH 170A,OR/complex
MATH 31AH,MATH 170A,OR/complex
MATH 170A,MATH 170B,AND
MATH 170B,MATH 170C,AND
MATH 20D,MATH 170C,AND
MATH 18,MATH 171A,OR/complex
MATH 20C,MATH 171A,OR/complex
MATH 31AH,MATH 171A,OR/complex
MATH 171A,MATH 171B,AND
MATH 20C,MATH 173A,OR/complex
MATH 31BH,MATH 173A,OR/complex
MATH 173A,MATH 173B,AND
MATH 31AH,MATH 174,OR/complex
MATH 174,MATH 175,OR/complex
MATH 174,MATH 179,OR/complex
MATH 10A,MATH 18,OR/complex
MATH 20A,MATH 18,OR/complex
MATH 3C,MATH 18,OR/complex
MATH 4C,MATH 18,OR/complex
MATH 31BH,MATH 180A,AND
MATH 109,MATH 180B,OR/complex
MATH 18,MATH 180B,OR/complex
MATH 180A,MATH 180B,OR/complex
MATH 20D,MATH 180B,OR/complex
MATH 31AH,MATH 180B,OR/complex
MATH 31CH,MATH 180B,OR/complex
MATH 180B,MATH 180C,AND
MATH 18,MATH 181A,OR/complex
MATH 180A,MATH 181A,OR/complex
MATH 20C,MATH 181A,OR/complex
MATH 31AH,MATH 181A,OR/complex
MATH 181A,MATH 181B,AND
MATH 181B,MATH 181C,AND
ECE 109,MATH 181D,OR/complex
ECON 120A,MATH 181D,OR/complex
MAE 108,MATH 181D,OR/complex
MATH 181A,MATH 181D,OR/complex
MATH 183,MATH 181D,OR/complex
MATH 186,MATH 181D,OR/complex
MATH 189,MATH 181D,OR/complex
MATH 181B,MATH 181E,AND
ECE 109,MATH 181F,OR/complex
ECON 120A,MATH 181F,OR/complex
MAE 108,MATH 181F,OR/complex
MATH 11,MATH 181F,OR/complex
MATH 181A,MATH 181F,OR/complex
MATH 183,MATH 181F,OR/complex
MATH 186,MATH 181F,OR/complex
MATH 189,MATH 181F,OR/complex
MATH 20C,MATH 183,OR/complex
MATH 31BH,MATH 183,OR/complex
MATH 109,MATH 184,OR/complex
MATH 31CH,MATH 184,OR/complex
ECE 109,MATH 185,OR/complex
ECON 120A,MATH 185,OR/complex
MAE 108,MATH 185,OR/complex
MATH 11,MATH 185,OR/complex
MATH 18,MATH 185,OR/complex
MATH 181A,MATH 185,OR/complex
MATH 183,MATH 185,OR/complex
MATH 186,MATH 185,OR/complex
MATH 20C,MATH 185,OR/complex
MATH 31AH,MATH 185,OR/complex
MATH 20C,MATH 186,OR/complex
MATH 31BH,MATH 186,OR/complex
MATH 18,MATH 187B,OR/complex
MATH 187A,MATH 187B,OR/complex
MATH 31AH,MATH 187B,OR/complex
MATH 100A,MATH 188,OR/complex
MATH 109,MATH 188,OR/complex
MATH 18,MATH 188,OR/complex
MATH 31AH,MATH 188,OR/complex
MATH 31CH,MATH 188,OR/complex
BENG 134,MATH 189,OR/complex
CSE 103,MATH 189,OR/complex
ECE 109,MATH 189,OR/complex
ECON 120A,MATH 189,OR/complex
MAE 108,MATH 189,OR/complex
MATH 18,MATH 189,OR/complex
MATH 180A,MATH 189,OR/complex
MATH 183,MATH 189,OR/complex
MATH 186,MATH 189,OR/complex
MATH 20C,MATH 189,OR/complex
MATH 31AH,MATH 189,OR/complex
SE 125,MATH 189,OR/complex
MATH 140A,MATH 190A,OR/complex
MATH 142A,MATH 190A,OR/complex
MATH 31CH,MATH 190A,OR/complex
MATH 190A,MATH 190B,AND
MATH 180A,MATH 193A,OR/complex
MATH 183,MATH 193A,OR/complex
MATH 193A,MATH 193B,AND
MATH 18,MATH 194,OR/complex
MATH 180A,MATH 194,OR/complex
MATH 20D,MATH 194,OR/complex
MATH 31AH,MATH 194,OR/complex
MATH 10A,MATH 20A,OR/complex
MATH 4C,MATH 20A,OR/complex
MATH 10B,MATH 20B,AND
MATH 10C,MATH 20B,AND
MATH 20A,MATH 20B,AND
MATH 20B,MATH 20C,AND
MATH 20C,MATH 20D,OR/complex
MATH 31BH,MATH 20D,OR/complex
MATH 18,MATH 20E,OR/complex
MATH 20C,MATH 20E,OR/complex
MATH 31AH,MATH 20E,OR/complex
MATH 31BH,MATH 20E,OR/complex
MATH 31AH,MATH 31BH,AND
MATH 31BH,MATH 31CH,AND
MATH 3C,MATH 4C,AND
MATH 20A,MATH 96,AND
MGT 103,MGT 105,AND
MGT 103,MGT 106,AND
MGT 103,MGT 107,AND
MGT 103,MGT 109,OR/complex
MGT 181,MGT 109,OR/complex
MGT 187,MGT 109,OR/complex
MGT 181,MGT 121A,OR/complex
MGT 187,MGT 121A,OR/complex
ECON 4,MGT 129,OR/complex
MGT 4,MGT 129,OR/complex
MGT 5,MGT 129,OR/complex
MGT 131B,MGT 132,AND
MGT 132,MGT 133,AND
MGT 132,MGT 134,AND
ECON 4,MGT 136,OR/complex
MGT 4,MGT 136,OR/complex
MGT 5,MGT 136,OR/complex
MGT 131B,MGT 138,AND
MGT 131B,MGT 139,AND
MGT 132,MGT 143,AND
MGT 131B,MGT 146,AND
MGT 131B,MGT 147,AND
BENG 100,MGT 151,OR/complex
BIEB 100,MGT 151,OR/complex
COGS 14B,MGT 151,OR/complex
ECE 109,MGT 151,OR/complex
ECON 120A,MGT 151,OR/complex
MAE 108,MGT 151,OR/complex
MATH 10A,MGT 151,OR/complex
MATH 11,MGT 151,OR/complex
MATH 18,MGT 151,OR/complex
MATH 180A,MGT 151,OR/complex
MATH 181A,MGT 151,OR/complex
MATH 183,MGT 151,OR/complex
MATH 186,MGT 151,OR/complex
MATH 20A,MGT 151,OR/complex
MATH 31AH,MGT 151,OR/complex
MGT 3,MGT 151,OR/complex
PSYC 60,MGT 151,OR/complex
SIO 187,MGT 151,OR/complex
MGT 181,MGT 154,AND
MGT 153,MGT 176,AND
MGT 175,MGT 177,AND
ECON 4,MGT 179,OR/complex
MATH 20A,MGT 179,OR/complex
MGT 3,MGT 179,OR/complex
MGT 45,MGT 179,OR/complex
ECON 173B,MGT 181,OR/complex
MGT 187,MGT 181,OR/complex
ECON 173B,MGT 183,OR/complex
MGT 181,MGT 183,OR/complex
MGT 187,MGT 183,OR/complex
ECON 173B,MGT 184,OR/complex
MGT 181,MGT 184,OR/complex
MGT 187,MGT 184,OR/complex
MGT 181,MGT 187,AND
MUS 101B,MUS 111,AND
MUS 101B,MUS 112,AND
MUS 33C,MUS 113,AND
MUS 103A,MUS 114,AND
MUS 103B,MUS 115,AND
MUS 101A,MUS 120A,AND
MUS 1C,MUS 132R,AND
MUS 120A,MUS 132V,AND
MUS 120B,MUS 133,AND
MUS 2A-B-C,MUS 137B,AND
MUS 132V,MUS 137F,AND
MUS 2A-B-C,MUS 153,AND
MUS 137A,MUS 160A,AND
MUS 137B,MUS 160B,AND
MUS 137D,MUS 171,AND
MUS 137E,MUS 172,AND
MUS 172,MUS 176,OR/complex
VIS 141B,MUS 176,OR/complex
VIS 145B,MUS 176,OR/complex
VIS 147B,MUS 176,OR/complex
MUS 160A,MUS 177,OR/complex
VIS 160A,MUS 177,OR/complex
MUS 1A,MUS 192,AND
MUS 171,MUS 198,AND
MUS 1A,MUS 1B,AND
MUS 1B,MUS 1C,AND
MUS 32V,MUS 32VM,AND
MUS 33A,MUS 33B,AND
MUS 33B,MUS 33C,AND
NANO 108,NANO 100L,AND
CHEM 6B,NANO 101,OR/complex
MATH 20C,NANO 101,OR/complex
NANO 1,NANO 101,OR/complex
NANO 15,NANO 101,OR/complex
NANO 15R,NANO 101,OR/complex
NANO 4,NANO 101,OR/complex
PHYS 2B,NANO 101,OR/complex
CHEM 6C,NANO 102,AND
MATH 20D,NANO 102,AND
NANO 101,NANO 102,AND
NANO 106,NANO 102,AND
PHYS 2D,NANO 102,AND
BILD 1,NANO 103,AND
CHEM 6C,NANO 103,AND
NANO 101,NANO 103,AND
NANO 102,NANO 103,AND
MATH 20D,NANO 104,AND
NANO 101,NANO 104,AND
MATH 20B,NANO 107,OR/complex
MATH 20D,NANO 107,OR/complex
NANO 101,NANO 107,OR/complex
NANO 15,NANO 107,OR/complex
PHYS 2B,NANO 107,OR/complex
NANO 102,NANO 110,AND
NANO 104,NANO 110,AND
NANO 15,NANO 110,AND
NANO 102,NANO 111,AND
NANO 102,NANO 112,AND
NANO 104,NANO 112,AND
NANO 111,NANO 112,AND
NANO 15,NANO 114,AND
NANO 110,NANO 120A,AND
NANO 120A,NANO 120B,AND
PHYS 2A,NANO 141A,AND
NANO 141A,NANO 141B,AND
NANO 103,NANO 146,AND
NANO 108,NANO 150,AND
NANO 108,NANO 158,AND
NANO 148,NANO 158,AND
CHEM 6A,NANO 159,AND
CHEM 6B,NANO 159,AND
CHEM 6C,NANO 159,AND
CHEM 7L,NANO 159,AND
NANO 108,NANO 161,AND
NANO 101,NANO 164,AND
NANO 102,NANO 164,AND
NANO 148,NANO 164,AND
NANO 102,NANO 168,AND
NANO 104,NANO 168,AND
NANO 108,NANO 174,AND
NANO 174,NANO 174L,AND
PHIL 32,PHIL 102,AND
PHIL 110,PHIL 109,AND
PHIL 111,PHIL 110,AND
PHIL 10,PHIL 112,AND
PHIL 120,PHIL 115,AND
PHIL 120,PHIL 122,AND
PHIL 178,PHIL 177,AND
CAT 2,PHIL 27,AND
DOC 2,PHIL 27,AND
HUM 1,PHIL 27,AND
PHIL 27,PHIL 28,OR/complex
POLI 27,PHIL 28,OR/complex
MATH 20A,PHYS 10,AND
PHYS 100A,PHYS 10,AND
PHYS 120,PHYS 100A,AND
PHYS 120,PHYS 100B,AND
PHYS 2D,PHYS 100C,AND
PHYS 100B,PHYS 105A,AND
PHYS 130B,PHYS 105B,AND
PHYS 100B,PHYS 11,AND
PHYS 2CL,PHYS 110A,AND
PHYS 100A,PHYS 110B,AND
MATH 20A,PHYS 111,AND
PHYS 130A,PHYS 116,AND
MATH 20A,PHYS 12,AND
PHYS 130B,PHYS 120,AND
MATH 20A,PHYS 13,AND
MATH 20D,PHYS 130A,AND
CHEM 130,PHYS 130B,OR/complex
PHYS 130A,PHYS 130B,OR/complex
PHYS 152A,PHYS 130C,AND
PHYS 130B,PHYS 133,AND
PHYS 1B,PHYS 142,AND
BILD 1,PHYS 151,AND
CHEM 7L,PHYS 151,AND
PHYS 120,PHYS 151,AND
CHEM 132,PHYS 152A,AND
PHYS 100A,PHYS 152A,AND
PHYS 140A,PHYS 152B,AND
PHYS 2A,PHYS 161,AND
MATH 10B,PHYS 1A,AND
PHYS 2A,PHYS 1B,AND
PHYS 2A,PHYS 1BL,AND
MATH 20D,PHYS 1C,AND
PHYS 2A,PHYS 1C,AND
PHYS 2BL,PHYS 1CL,AND
MATH 20A,PHYS 2A,AND
MATH 20B,PHYS 2B,AND
PHYS 2A,PHYS 2B,AND
MATH 20C,PHYS 2BL,AND
PHYS 2A,PHYS 2BL,AND
MATH 20A,PHYS 2C,AND
MATH 20A,PHYS 30,AND
PHYS 110A,PHYS 30,AND
MATH 10A,PHYS 4B,AND
CAT 2,PHYS 4E,OR/complex
CAT 3,PHYS 4E,OR/complex
DOC 2,PHYS 4E,OR/complex
DOC 3,PHYS 4E,OR/complex
HUM 1,PHYS 4E,OR/complex
HUM 2,PHYS 4E,OR/complex
MATH 20A,PHYS 87,AND
PHYS 100B,PHYS 98,AND
POLI 104A,POLI 104J,AND
POLI 104J,POLI 104K,AND
ECON 5,POLI 170A,AND
ECON 5,POLI 171,AND
CAT 2,POLI 27,AND
DOC 2,POLI 27,AND
HUM 1,POLI 27,AND
COGS 101A,PSYC 111B,OR/complex
COGS 107A,PSYC 111B,OR/complex
COGS 107B,PSYC 111B,OR/complex
COGS 107C,PSYC 111B,OR/complex
COGS 14A,PSYC 111B,OR/complex
COGS 14B,PSYC 111B,OR/complex
PSYC 102,PSYC 111B,OR/complex
PSYC 106,PSYC 111B,OR/complex
PSYC 108,PSYC 111B,OR/complex
PSYC 60,PSYC 111B,OR/complex
PSYC 70,PSYC 111B,OR/complex
PSYC 60,PSYC 114,AND
PSYC 100,PSYC 125,AND
PSYC 124,PSYC 125,AND
PSYC 2,PSYC 170,AND
COGS 14A,PSYC 174,OR/complex
COGS 14B,PSYC 174,OR/complex
MATH 11,PSYC 174,OR/complex
PSYC 60,PSYC 174,OR/complex
PSYC 70,PSYC 174,OR/complex
BILD 2,PSYC 187,OR/complex
PSYC 102,PSYC 187,OR/complex
PSYC 106,PSYC 187,OR/complex
PSYC 110,PSYC 193,AND
PSYC 194A,PSYC 193L,AND
PSYC 194B,PSYC 194A,AND
COGS 14B,PSYC 71,AND
PSYC 60,PSYC 71,AND
RELI 101,RELI 192,AND
MATH 20C,SE 101B,AND
PHYS 2A,SE 101B,AND
SE 101A,SE 101C,AND
MATH 18,SE 103,AND
SE 101B,SE 103,AND
SE 101A,SE 104,AND
SE 104L,SE 104,AND
SE 9,SE 104,AND
SE 1,SE 104L,OR/complex
SE 101A,SE 104L,OR/complex
MATH 20D,SE 110A,AND
SE 101A,SE 110A,AND
MAE 131A,SE 110B,AND
SE 110A,SE 110B,AND
MATH 20D,SE 115,AND
PHYS 2A,SE 115,AND
SE 103,SE 120,AND
SE 101A,SE 121A,AND
SE 9,SE 121A,AND
SE 101C,SE 121B,AND
SE 121A,SE 121B,AND
MAE 131A,SE 130A-B,AND
SE 110A,SE 130A-B,AND
SE 101C,SE 131,OR/complex
SE 121B,SE 131,OR/complex
SE 103,SE 140,AND
SE 150,SE 140A,AND
SE 140A,SE 140B,AND
SE 151A,SE 140B,AND
SE 181,SE 140B,AND
MAE 131A,SE 142,AND
SE 110A,SE 142,AND
SE 110B,SE 142,AND
SE 160A,SE 142,AND
SE 142,SE 143A,AND
SE 160B,SE 143A,AND
SE 3,SE 143A,AND
SE 143A,SE 143B,AND
SE 103,SE 151A,AND
SE 151A,SE 151B,AND
SE 150,SE 152,AND
SE 151A,SE 152,AND
SE 103,SE 154,AND
MAE 131A,SE 160A,AND
SE 101B,SE 160A,AND
SE 110A,SE 160A,AND
SE 2,SE 160A,AND
SE 2L,SE 160A,AND
SE 101C,SE 160B,AND
SE 160A,SE 160B,AND
SE 110A,SE 163,AND
SE 110B,SE 163,AND
SE 101C,SE 164,AND
SE 110A,SE 164,AND
SE 101C,SE 168,AND
SE 131,SE 168,AND
SE 160A,SE 171,AND
SE 110A,SE 180,AND
MAE 131A,SE 181,OR/complex
SE 110A,SE 181,OR/complex
SE 181,SE 182,AND
SE 181,SE 184,AND
CHEM 6A,SE 2,AND
PHYS 2A,SE 2,AND
CHEM 6A,SE 2L,AND
PHYS 2A,SE 2L,AND
SE 2,SE 2L,AND
SE 1,SE 3,AND
MATH 18,SE 9,AND
MATH 20D,SE 9,AND
SIO 50,SIO 100,AND
CHEM 6A,SIO 101,AND
SIO 50,SIO 102,AND
SIO 50,SIO 103,AND
BILD 3,SIO 104/SIOG 255,AND
SIO 50,SIO 105,AND
CHEM 6C,SIO 106,AND
MATH 20C,SIO 106,AND
PHYS 2C,SIO 106,AND
SIO 50,SIO 106,AND
ESYS 102,SIO 108,OR/complex
SIO 12,SIO 108,OR/complex
SIO 50,SIO 108,OR/complex
SIO 50,SIO 113,AND
MATH 20D,SIO 117,AND
PHYS 2C,SIO 117,AND
CHEM 6C,SIO 119,AND
PHYS 1C,SIO 119,AND
SIO 50,SIO 120,AND
BILD 1,SIO 121,AND
BILD 2,SIO 121,AND
BILD 3,SIO 121,AND
SIO 10,SIO 121GS,OR/complex
SIO 50,SIO 121GS,OR/complex
BILD 3,SIO 122,AND
BICD 100,SIO 123,AND
BILD 1,SIO 124,OR/complex
BILD 3,SIO 124,OR/complex
CHEM 6C,SIO 124,OR/complex
BILD 3,SIO 125,OR/complex
PHYS 1C,SIO 125,OR/complex
PHYS 2C,SIO 125,OR/complex
BILD 1,SIO 126,AND
BICD 100,SIO 127,AND
BILD 3,SIO 127,AND
BILD 1,SIO 128,OR/complex
BILD 2,SIO 128,OR/complex
BILD 3,SIO 128,OR/complex
BILD 2,SIO 131,OR/complex
BILD 3,SIO 131,OR/complex
SIO 183,SIO 131,OR/complex
SIO 184,SIO 131,OR/complex
SIO 188,SIO 131,OR/complex
BILD 3,SIO 132,AND
BILD 3,SIO 133,AND
BILD 3,SIO 134,AND
BILD 3,SIO 136,AND
SIO 132,SIO 136,AND
SIO 134,SIO 136,AND
SIO 134,SIO 137,AND
BILD 3,SIO 138,OR/complex
CHEM 6B,SIO 138,OR/complex
MATH 10A,SIO 138,OR/complex
MATH 20A,SIO 138,OR/complex
CHEM 6C,SIO 141/CHEM 174,AND
CHEM 6C,SIO 143,AND
MATH 10C,SIO 143,AND
PHYS 1C,SIO 143,AND
SIO 50,SIO 144/SIOG 252A,AND
BILD 2,SIO 146,AND
BILD 3,SIO 147,AND
CHEM 6C,SIO 150,AND
MATH 20D,SIO 150,AND
PHYS 2C,SIO 150,AND
SIO 120,SIO 152,AND
SIO 50,SIO 152,AND
SIO 50,SIO 153,AND
SIO 102,SIO 155,AND
SIO 50,SIO 160,AND
SIO 100,SIO 162,AND
ANTH 3,SIO 167,AND
SIO 50,SIO 167,AND
CHEM 6A,SIO 170,OR/complex
CHEM 6AH,SIO 170,OR/complex
SIO 100,SIO 170,OR/complex
SIO 170,SIO 170L,AND
MATH 20C,SIO 171,OR/complex
PHYS 2C,SIO 171,OR/complex
PHYS 4C,SIO 171,OR/complex
MATH 20C,SIO 172,AND
PHYS 2C,SIO 172,AND
MATH 20E,SIO 173,AND
PHYS 2C,SIO 173,AND
CHEM 6C,SIO 174,OR/complex
CHEM 6CH,SIO 174,OR/complex
MATH 20C,SIO 174,OR/complex
MATH 31BH,SIO 174,OR/complex
MATH 18,SIO 175,OR/complex
MATH 31AH,SIO 175,OR/complex
SIO 171,SIO 176,AND
MATH 20D,SIO 177,AND
MATH 20E,SIO 177,AND
PHYS 2A,SIO 177,AND
MATH 18,SIO 178,OR/complex
MATH 31AH,SIO 178,OR/complex
PHYS 2C,SIO 178,OR/complex
SIO 177,SIO 178,OR/complex
CHEM 6A,SIO 179,OR/complex
CHEM 6AH,SIO 179,OR/complex
PHYS 2A,SIO 179,OR/complex
PHYS 4A,SIO 179,OR/complex
BILD 1,SIO 180,OR/complex
CHEM 6A,SIO 180,OR/complex
SIO 50,SIO 180,OR/complex
BILD 3,SIO 182,AND
BILD 3,SIO 183,AND
BILD 1,SIO 184,OR/complex
SIO 132,SIO 184,OR/complex
SIO 134,SIO 184,OR/complex
BILD 3,SIO 185,AND
BILD 3,SIO 187,AND
BILD 1,SIO 188,AND
CHEM 6C,SIO 188,AND
MUS 173,TDDE 142,AND
ECON 2,USP 102,AND
MATH 10A,USP 102,AND
COMM 10,USP 114,OR/complex
USP 2,USP 114,OR/complex
USP 159A,USP 154,AND
USP 124,USP 161,AND
USP 177A,USP 175,OR/complex
USP 179,USP 175,OR/complex
USP 186,USP 185A,AND
USP 186,USP 187,AND
VIS 100,VIS 101,AND
VIS 101,VIS 102,AND
VIS 80,VIS 105B,AND
VIS 105A,VIS 105C,AND
VIS 105B,VIS 105D,AND
VIS 80,VIS 105E,AND
VIS 105D,VIS 106A,AND
VIS 80,VIS 106B,AND
VIS 106A,VIS 106C,AND
VIS 106B,VIS 107A,AND
VIS 80,VIS 107B,AND
VIS 107A,VIS 107C,AND
VIS 107B,VIS 108,AND
VIS 110M,VIS 112,AND
VIS 23,VIS 113AN,AND
VIS 112,VIS 113BN,AND
VIS 23,VIS 122D,AND
VIS 112,VIS 128E,AND
VIS 112,VIS 129A,AND
VIS 112,VIS 129A-F,AND
VIS 112,VIS 129D,AND
VIS 112,VIS 129E,AND
VIS 30,VIS 132,AND
CSE 11,VIS 135,OR/complex
CSE 8B,VIS 135,OR/complex
VIS 142,VIS 135,OR/complex
VIS 142,VIS 143,AND
VIS 41,VIS 145B,OR/complex
VIS 70N,VIS 145B,OR/complex
VIS 80,VIS 145B,OR/complex
VIS 159,VIS 149,OR/complex
VIS 22,VIS 149,OR/complex
VIS 84,VIS 149,OR/complex
VIS 84,VIS 150A,AND
VIS 159,VIS 151,OR/complex
VIS 22,VIS 151,OR/complex
VIS 70N,VIS 151,OR/complex
VIS 84,VIS 151A,AND
VIS 84,VIS 152D,AND
VIS 84,VIS 154,AND
VIS 84,VIS 155,AND
MUS 172,VIS 159,OR/complex
VIS 141B,VIS 159,OR/complex
VIS 145B,VIS 159,OR/complex
VIS 147B,VIS 159,OR/complex
MUS 160A,VIS 160A,AND
VIS 135,VIS 160B,AND
VIS 161,VIS 162,AND
VIS 60,VIS 163,AND
VIS 60,VIS 164,AND
VIS 164,VIS 165,AND
VIS 164,VIS 167,OR/complex
VIS 165,VIS 167,OR/complex
VIS 174,VIS 168,AND
VIS 70N,VIS 171,AND
VIS 174,VIS 175,AND
VIS 174,VIS 176,AND
VIS 174,VIS 177,AND
VIS 164,VIS 178,AND
VIS 174,VIS 178,AND
VIS 164,VIS 180A,AND
VIS 174,VIS 180A,AND
VIS 164,VIS 180B,AND
VIS 174,VIS 180B,AND
VIS 164,VIS 181,AND
VIS 174,VIS 181,AND
VIS 164,VIS 182,AND
VIS 174,VIS 182,AND
VIS 164,VIS 183A,AND
VIS 174,VIS 183A,AND
VIS 164,VIS 183B,AND
VIS 174,VIS 183B,AND
VIS 164,VIS 184,AND
VIS 174,VIS 184,AND
VIS 100,VIS 185,AND
VIS 135,VIS 185,AND
VIS 84,VIS 190,AND
